class,accuracy
actinic,0.015151515151515152
basal,0.038834951456310676
benign,0.1409090909090909
dermatofib,0.0
melanoma,0.04484304932735426
melanocyti,0.9798657718120806
vascular,0.0
