{
  "default": {
    "recall": 0.7430555555555556,
    "specificity": 0.852760736196319,
    "threshold": 0.5
  },
  "tuned": {
    "recall": 0.9027777777777778,
    "specificity": 0.7020157756354075,
    "threshold": 0.22427131235599518
  }
}