tone,baseline,after_rebalance
I-II (light),0.8359484777517565,0.8084699453551913
III-IV (medium),0.8289719626168224,0.792834890965732
