{
  "crude": -0.3344460253688678,
  "adjusted": -0.11167636198990369,
  "shrink_pct": 66.6085545891199
}