group,accuracy
never used,0.6527777777777778
used estrogen,0.7256637168141593
