used_estrogen,mean_score
0,43.71636363636364
1,51.810344827586206
