{
  "dataset": "PAD-UFES-20 (records Fitzpatrick skin type)",
  "n": 1494,
  "overall_auc_baseline": 0.830962162710489,
  "overall_auc_mitigated": 0.8106233515926151,
  "auc_by_tone_baseline": {
    "I-II (light)": 0.8359484777517565,
    "III-IV (medium)": 0.8289719626168224
  },
  "auc_by_tone_mitigated": {
    "I-II (light)": 0.8084699453551913,
    "III-IV (medium)": 0.792834890965732
  },
  "gap_baseline": 0.006976515134934136,
  "gap_mitigated": 0.015635054389459335
}