{
  "backbone_auc": {
    "ResNet18": 0.8319943519330022,
    "CAFormer": 0.8848475995715259
  },
  "dataset": "HAM10000 (real dermatoscopy)",
  "n_test": 1285,
  "melanoma_frac": 0.11206225680933853,
  "auc": 0.8848475995715259,
  "backbone": "caformer_s18",
  "recall_default": 0.7430555555555556,
  "specificity_default": 0.852760736196319,
  "recall_tuned": 0.9027777777777778,
  "specificity_tuned": 0.7020157756354075,
  "tuned_threshold": 0.22427131235599518,
  "auc_by_sex": {
    "male": 0.9069281045751634,
    "female": 0.8513856241494494
  }
}