{
  "dataset": "brainct",
  "classes": [
    "normal",
    "stroke"
  ],
  "accuracy": 0.7333333333333333,
  "sensitivity": 0.6511627906976745,
  "specificity": 0.8085106382978723,
  "auc": 0.8172934190994557,
  "backbone": "caformer_s18"
}