noise,accuracy
0.0,0.7333333333333333
0.1,0.6833333333333333
0.2,0.6888888888888889
0.35,0.6111111111111112
0.5,0.6277777777777778
