noise,accuracy
0.0,0.7111111111111111
0.1,0.5555555555555556
0.2,0.5111111111111111
0.35,0.46111111111111114
0.5,0.5277777777777778
