{
  "before": {
    "Female": 0.7619047619047619,
    "Male": 0.8484848484848485
  },
  "after": {
    "Female": 0.8333333333333334,
    "Male": 0.8484848484848485
  }
}