position,importance
1,0.2502219678351348
2,0.2504145839776927
3,0.2507741732775661
4,0.2514450509974956
5,0.2526952019360651
6,0.25501963819321366
7,0.25932373813988935
8,0.2672330274325192
9,0.28156579593671416
10,0.30689363501593264
11,0.34972318014837195
12,0.41702510411898164
13,0.5114838515004594
14,0.625
15,0.7385161484995406
16,0.8329748958810184
17,0.900276819851628
18,0.9431063649840674
19,0.9684342040632858
20,0.9827669725674807
