position,importance
1,0.40645458397292494
2,0.2590464187680483
3,0.6610667967777564
4,0.3663149353189099
5,0.35148149721869426
6,0.24776430036040148
7,0.32231200884035605
8,0.31793938058468296
9,0.3883332165262193
10,0.701166648657413
11,0.4626356373441143
12,0.5932327467886618
13,0.24776430036040153
14,0.7087485336567486
15,0.4698944159837138
16,0.9247412401933047
17,0.6562856082821276
18,0.7543418796411988
19,1.024704440428697
20,1.3798958571165778
