position,importance
1,0.4344729134336963
2,0.3268381597690285
3,0.7715287817669269
4,0.31741017307439723
5,0.37770665454487273
6,0.4842468073500818
7,0.131187817916479
8,0.08643327187870221
9,0.5458706320465185
10,0.724570232818462
11,0.4741140273520289
12,0.6710488524168418
13,0.28596007252441635
14,1.1666385828081547
15,0.7270522041160483
16,0.9456607977215132
17,0.9762942098032825
18,1.3026449002038454
19,1.4943674775205662
20,2.1932815114271396
