pick,precision
top10,0.9659090909090909
top20,0.9378531073446328
top30,0.8943396226415095
top50,0.8126410835214447
