{
  "n_guides": 5310,
  "n_used": 3542,
  "auc": 0.8836427191985692,
  "base_rate": 0.5,
  "model_auc": {
    "Logistic Reg": 0.7544089396633868,
    "Random Forest": 0.8841115113962363,
    "CatBoost": 0.8836427191985692,
    "TabPFN": 0.8267609006924876
  },
  "precision_top10": 0.9659090909090909,
  "top_position": 20
}